<?xml version="1.0" encoding="UTF-8"?>
<project-private xmlns="http://www.netbeans.org/ns/project-private/1">
    <editor-bookmarks xmlns="http://www.netbeans.org/ns/editor-bookmarks/2" lastBookmarkId="0"/>
    <open-files xmlns="http://www.netbeans.org/ns/projectui-open-files/2">
        <group>
            <file>file:/C:/Users/u10549640177/Downloads/SistemaCardoso2/SistemaCardoso2/src/view/IA/JDlgVendedorNovoIA.java</file>
            <file>file:/C:/Users/u10549640177/Downloads/SistemaCardoso2/SistemaCardoso2/src/view/JDlgVendaProduto.java</file>
            <file>file:/C:/Users/u10549640177/Downloads/SistemaCardoso2/SistemaCardoso2/src/view/pesquisar/JDlgCliente_pesquisar.java</file>
            <file>file:/C:/Users/u10549640177/Downloads/SistemaCardoso2/SistemaCardoso2/src/bean/VeccProduto.java</file>
            <file>file:/C:/Users/u10549640177/Downloads/SistemaCardoso2/SistemaCardoso2/src/view/IA/JDlgProdutoNovoIA.java</file>
            <file>file:/C:/Users/u10549640177/Downloads/SistemaCardoso2/SistemaCardoso2/src/bean/VeccVendaProduto.java</file>
            <file>file:/C:/Users/u10549640177/Downloads/SistemaCardoso2/SistemaCardoso2/src/view/pesquisar/JDlgUsuarios_pesquisar.java</file>
            <file>file:/C:/Users/u10549640177/Downloads/SistemaCardoso2/SistemaCardoso2/src/dao/ProdutoDAO.java</file>
        </group>
    </open-files>
</project-private>
